cronName,startTime,runTime,threshold
Cron-1,2013-05-01 16:46:00,3183,3000
Cron-1,2013-05-02 16:48:00,3992,3000
Cron-1,2013-05-03 16:46:00,3633,3000
Cron-1,2013-05-06 16:47:00,3180,3000
Cron-1,2013-05-07 16:47:00,3402,3000
Cron-1,2013-05-08 16:47:00,3208,3000
Cron-1,2013-05-09 16:47:00,3364,3000
Cron-1,2013-05-10 16:49:00,3513,3000
Cron-1,2013-05-13 16:48:00,3359,3000
Cron-1,2013-05-14 16:47:00,3297,3000
Cron-1,2013-05-15 16:47:00,3324,3000
Cron-1,2013-05-16 16:47:00,3284,3000
Cron-1,2013-05-17 18:02:00,3011,3000
Cron-1,2013-05-20 16:49:00,3331,3000
Cron-1,2013-05-21 16:49:00,3625,3000
Cron-1,2013-05-22 16:51:00,3706,3000
Cron-1,2013-05-23 16:49:00,3299,3000
Cron-1,2013-05-24 16:27:00,3452,3000
Cron-1,2013-05-27 16:42:00,3374,3000
Cron-1,2013-05-28 16:30:00,3144,3000
Cron-1,2013-05-29 16:43:00,3464,3000
Cron-1,2013-05-30 16:30:00,3465,3000
Cron-1,2013-06-03 17:21:00,3652,3000
Cron-1,2013-06-04 16:43:00,3933,3000
Cron-1,2013-06-05 16:27:00,3853,3000
Cron-1,2013-06-06 16:27:00,3703,3000
Cron-1,2013-06-07 16:33:00,3703,3000
Cron-1,2013-06-10 16:29:00,3916,3000
Cron-1,2013-06-11 16:28:00,3706,3000
Cron-1,2013-06-12 16:31:00,3731,3000
Cron-1,2013-06-13 16:33:00,3920,3000
Cron-1,2013-06-14 16:28:00,4163,3000
Cron-1,2013-06-17 16:33:00,3681,3000
Cron-1,2013-06-18 16:33:00,3858,3000
Cron-1,2013-06-19 16:35:00,3682,3000
Cron-1,2013-06-20 16:31:00,3795,3000
Cron-1,2013-06-21 16:28:00,3686,3000
Cron-1,2013-06-24 16:36:00,3691,3000
Cron-1,2013-06-25 16:38:00,3681,3000
Cron-1,2013-06-26 16:35:00,3837,3000
Cron-1,2013-06-27 16:34:00,3763,3000
Cron-1,2013-06-28 16:27:00,4225,3000
Cron-1,2013-07-01 16:34:00,3921,3000
Cron-1,2013-07-02 16:35:00,3874,3000
Cron-1,2013-07-03 16:43:00,4165,3000
Cron-1,2013-07-04 16:35:00,4059,3000
Cron-1,2013-07-05 16:28:00,4271,3000
Cron-1,2013-07-08 16:36:00,3921,3000
Cron-1,2013-07-09 16:35:00,3877,3000
Cron-1,2013-07-10 16:36:00,3958,3000
Cron-1,2013-07-11 16:36:00,4016,3000
Cron-1,2013-07-12 16:29:00,3818,3000
Cron-1,2013-07-15 16:38:00,2887,3000
Cron-1,2013-07-16 16:39:00,2908,3000
Cron-1,2013-07-17 16:41:00,2740,3000
Cron-1,2013-07-18 16:46:00,2887,3000
Cron-1,2013-07-19 16:38:00,3077,3000
Cron-1,2013-07-22 16:38:00,3193,3000
Cron-1,2013-07-23 16:39:00,2988,3000
Cron-1,2013-07-24 17:01:00,3032,3000
Cron-1,2013-07-25 16:35:00,2901,3000
Cron-1,2013-07-26 16:28:00,2933,3000
Cron-1,2013-07-29 16:40:00,2950,3000
Cron-1,2013-07-30 16:40:00,2746,3000
Cron-2,2013-05-01 06:24:00,3,10
Cron-2,2013-05-02 05:24:00,3,10
Cron-2,2013-05-03 06:19:00,3,10
Cron-2,2013-05-04 05:37:00,14,10
Cron-2,2013-05-07 05:25:00,3,10
Cron-2,2013-05-08 05:25:00,3,10
Cron-2,2013-05-09 05:22:00,3,10
Cron-2,2013-05-10 05:09:00,4,10
Cron-2,2013-05-11 05:20:00,14,10
Cron-2,2013-05-14 05:20:00,4,10
Cron-2,2013-05-15 05:21:00,4,10
Cron-2,2013-05-16 05:44:00,4,10
Cron-2,2013-05-17 05:28:00,4,10
Cron-2,2013-05-18 06:19:00,12,10
Cron-2,2013-05-21 06:36:00,7,10
Cron-2,2013-05-22 06:07:00,4,10
Cron-2,2013-05-23 05:59:00,5,10
Cron-2,2013-05-24 05:39:00,4,10
Cron-2,2013-05-25 05:47:00,14,10
Cron-2,2013-05-28 05:10:00,4,10
Cron-2,2013-05-29 05:41:00,3,10
Cron-2,2013-05-30 06:16:00,4,10
Cron-2,2013-06-01 07:37:00,18,10
Cron-2,2013-06-04 06:02:00,4,10
Cron-2,2013-06-05 05:48:00,4,10
Cron-2,2013-06-06 06:33:00,9,10
Cron-2,2013-06-07 06:17:00,3,10
Cron-2,2013-06-08 06:04:00,16,10
Cron-2,2013-06-11 07:51:00,6,10
Cron-2,2013-06-12 06:04:00,3,10
Cron-2,2013-06-13 06:09:00,4,10
Cron-2,2013-06-14 06:21:00,3,10
Cron-2,2013-06-15 07:07:00,14,10
Cron-2,2013-06-18 04:26:00,3,10
Cron-2,2013-06-19 04:36:00,2,10
Cron-2,2013-06-20 04:37:00,4,10
Cron-2,2013-06-21 04:26:00,4,10
Cron-2,2013-06-22 04:45:00,10,10
Cron-2,2013-06-25 04:31:00,3,10
Cron-2,2013-06-26 04:53:00,4,10
Cron-2,2013-06-27 04:50:00,3,10
Cron-2,2013-06-28 05:01:00,4,10
Cron-2,2013-06-29 06:24:00,14,10
Cron-2,2013-07-02 06:38:00,3,10
Cron-2,2013-07-03 05:57:00,3,10
Cron-2,2013-07-04 05:09:00,3,10
Cron-2,2013-07-05 04:18:00,2,10
Cron-2,2013-07-06 06:04:00,18,10
Cron-2,2013-07-09 04:50:00,4,10
Cron-2,2013-07-10 04:55:00,4,10
Cron-2,2013-07-11 05:16:00,4,10
Cron-2,2013-07-12 08:30:00,5,10
Cron-2,2013-07-13 05:43:00,13,10
Cron-2,2013-07-16 04:36:00,4,10
Cron-2,2013-07-17 04:20:00,3,10
Cron-2,2013-07-18 04:08:00,4,10
Cron-2,2013-07-19 04:27:00,3,10
Cron-2,2013-07-20 04:14:00,8,10
Cron-2,2013-07-23 04:10:00,5,10
Cron-2,2013-07-24 03:56:00,6,10
Cron-2,2013-07-25 05:20:00,3,10
Cron-2,2013-07-26 04:10:00,5,10
Cron-2,2013-07-27 05:47:00,11,10
Cron-2,2013-07-30 04:02:00,5,10
Cron-3,2013-05-01 20:55:00,2402,3000
Cron-3,2013-05-02 20:48:00,2161,3000
Cron-3,2013-05-03 20:58:00,2282,3000
Cron-3,2013-05-06 21:15:00,2042,3000
Cron-3,2013-05-07 20:48:00,2402,3000
Cron-3,2013-05-08 20:50:00,2282,3000
Cron-3,2013-05-09 20:43:00,2522,3000
Cron-3,2013-05-10 20:51:00,2402,3000
Cron-3,2013-05-13 20:53:00,2282,3000
Cron-3,2013-05-14 20:46:00,2401,3000
Cron-3,2013-05-15 20:53:00,2281,3000
Cron-3,2013-05-16 20:58:00,2402,3000
Cron-3,2013-05-17 21:34:00,2522,3000
Cron-3,2013-05-20 20:57:00,2522,3000
Cron-3,2013-05-21 21:27:00,3482,3000
Cron-3,2013-05-22 23:07:00,2402,3000
Cron-3,2013-05-23 20:55:00,2282,3000
Cron-3,2013-05-24 20:42:00,2281,3000
Cron-3,2013-05-27 20:21:00,2281,3000
Cron-3,2013-05-28 20:42:00,2162,3000
Cron-3,2013-05-29 20:59:00,2522,3000
Cron-3,2013-05-30 21:06:00,2161,3000
Cron-3,2013-06-03 21:07:00,2522,3000
Cron-3,2013-06-04 20:50:00,2281,3000
Cron-3,2013-06-05 20:38:00,2881,3000
Cron-3,2013-06-06 20:59:00,2402,3000
Cron-3,2013-06-07 20:57:00,2042,3000
Cron-3,2013-06-10 20:37:00,2402,3000
Cron-3,2013-06-11 20:28:00,2402,3000
Cron-3,2013-06-12 20:54:00,2282,3000
Cron-3,2013-06-13 20:49:00,2281,3000
Cron-3,2013-06-14 20:13:00,2522,3000
Cron-3,2013-06-17 20:01:00,2641,3000
Cron-3,2013-06-18 20:01:00,2521,3000
Cron-3,2013-06-19 20:01:00,2401,3000
Cron-3,2013-06-20 20:01:00,2642,3000
Cron-3,2013-06-21 20:01:00,2762,3000
Cron-3,2013-06-24 20:19:00,2282,3000
Cron-3,2013-06-25 20:01:00,2762,3000
Cron-3,2013-06-26 20:01:00,2761,3000
Cron-3,2013-06-27 20:01:00,2761,3000
Cron-3,2013-06-28 20:01:00,2762,3000
Cron-3,2013-07-01 20:01:00,2761,3000
Cron-3,2013-07-02 20:01:00,2881,3000
Cron-3,2013-07-03 20:01:00,3122,3000
Cron-3,2013-07-04 20:01:00,2281,3000
Cron-3,2013-07-05 20:01:00,4202,3000
Cron-3,2013-07-08 20:28:00,2162,3000
Cron-3,2013-07-09 20:01:00,2641,3000
Cron-3,2013-07-10 20:01:00,2761,3000
Cron-3,2013-07-11 20:01:00,2761,3000
Cron-3,2013-07-12 20:01:00,2642,3000
Cron-3,2013-07-15 20:01:00,2282,3000
Cron-3,2013-07-16 20:01:00,2281,3000
Cron-3,2013-07-17 20:01:00,2501,3000
Cron-3,2013-07-18 20:01:00,2642,3000
Cron-3,2013-07-19 20:01:00,2641,3000
Cron-3,2013-07-22 20:01:00,2642,3000
Cron-3,2013-07-23 20:01:00,2762,3000
Cron-3,2013-07-24 20:27:00,2282,3000
Cron-3,2013-07-25 20:01:00,2521,3000
Cron-3,2013-07-26 20:01:00,2401,3000
Cron-3,2013-07-29 20:01:00,2762,3000
Cron-3,2013-07-30 20:01:00,2622,3000
