cronName,startTime,forecastedRuntime
Cron-1,2013-07-31 16:40:00,2811.250489
Cron-1,2013-08-01 16:40:00,2798.087814
Cron-1,2013-08-02 16:40:00,2891.369107
Cron-1,2013-08-03 16:40:00,2743.715462
Cron-1,2013-08-04 16:40:00,2702.688976
Cron-1,2013-08-05 16:40:00,2729.411937
Cron-1,2013-08-06 16:40:00,2716.249262
Cron-1,2013-08-07 16:40:00,2809.530555
Cron-1,2013-08-08 16:40:00,2661.87691
Cron-1,2013-08-09 16:40:00,2620.850424
Cron-1,2013-08-10 16:40:00,2647.573385
Cron-1,2013-08-11 16:40:00,2634.41071
Cron-1,2013-08-12 16:40:00,2727.692003
Cron-1,2013-08-13 16:40:00,2580.038358
Cron-1,2013-08-14 16:40:00,2539.011872
Cron-1,2013-08-15 16:40:00,2565.734833
Cron-1,2013-08-16 16:40:00,2552.572158
Cron-1,2013-08-17 16:40:00,2645.853451
Cron-1,2013-08-18 16:40:00,2498.199806
Cron-1,2013-08-19 16:40:00,2457.17332
Cron-1,2013-08-20 16:40:00,2483.896281
Cron-1,2013-08-21 16:40:00,2470.733606
Cron-1,2013-08-22 16:40:00,2564.014899
Cron-1,2013-08-23 16:40:00,2416.361254
Cron-1,2013-08-24 16:40:00,2375.334768
Cron-1,2013-08-25 16:40:00,2402.057729
Cron-1,2013-08-26 16:40:00,2388.895054
Cron-1,2013-08-27 16:40:00,2482.176347
Cron-1,2013-08-28 16:40:00,2334.522702
Cron-1,2013-08-29 16:40:00,2293.496216
Cron-2,2013-07-31 04:02:00,5.171315995
Cron-2,2013-08-01 04:02:00,3.604665167
Cron-2,2013-08-02 04:02:00,4.579886445
Cron-2,2013-08-03 04:02:00,10.76116479
Cron-2,2013-08-04 04:02:00,4.964253318
Cron-2,2013-08-05 04:02:00,5.227581604
Cron-2,2013-08-06 04:02:00,3.660930775
Cron-2,2013-08-07 04:02:00,4.636152054
Cron-2,2013-08-08 04:02:00,10.8174304
Cron-2,2013-08-09 04:02:00,5.020518927
Cron-2,2013-08-10 04:02:00,5.283847212
Cron-2,2013-08-11 04:02:00,3.717196384
Cron-2,2013-08-12 04:02:00,4.692417662
Cron-2,2013-08-13 04:02:00,10.87369601
Cron-2,2013-08-14 04:02:00,5.076784536
Cron-2,2013-08-15 04:02:00,5.340112821
Cron-2,2013-08-16 04:02:00,3.773461993
Cron-2,2013-08-17 04:02:00,4.748683271
Cron-2,2013-08-18 04:02:00,10.92996162
Cron-2,2013-08-19 04:02:00,5.133050145
Cron-2,2013-08-20 04:02:00,5.39637843
Cron-2,2013-08-21 04:02:00,3.829727602
Cron-2,2013-08-22 04:02:00,4.80494888
Cron-2,2013-08-23 04:02:00,10.98622723
Cron-2,2013-08-24 04:02:00,5.189315753
Cron-2,2013-08-25 04:02:00,5.452644039
Cron-2,2013-08-26 04:02:00,3.885993211
Cron-2,2013-08-27 04:02:00,4.861214489
Cron-2,2013-08-28 04:02:00,11.04249283
Cron-2,2013-08-29 04:02:00,5.245581362
